<?xml version="1.0" encoding="UTF-8" standalone="yes"?>
<addon id="repository.j63" name="[COLOR lime]Jdr63PyL[/COLOR] Repo" version="1.0.1" provider-name="j63">
    <extension point="xbmc.addon.repository" name="Mi repositorio">
        <info>https://raw.githubusercontent.com/Jdr63/j63PyL/master/Repositorio/addons.xml</info>
        <checksum>https://raw.githubusercontent.com/Jdr63/j63PyL/master/Repositorio/addons.xml.md5</checksum>
        <datadir zip="true">https://raw.githubusercontent.com/Jdr63/master/Repositorio/</datadir>
    </extension>
    <extension point="xbmc.addon.metadata">
        <summary>Repositorio Jdr63PyL</summary>
        <description></description>
        <disclaimer></disclaimer>
        <platform>all</platform>
    </extension>
</addon>
